<?xml version="1.0" encoding="utf-8"?>
<bcaster>
<item item_url="images/3d_model_dna_w_phosphate_1.jpg" link="" itemtitle="" />
<item item_url="images/0009_genetics.jpg" link="" itemtitle="" />
<item item_url="images/8695be23ec.jpg" link="" itemtitle="" />
<item item_url="images/14122.jpg" link="" itemtitle="" />
<item item_url="images/36550-bigthumbnail.jpg" link="" itemtitle="" />
<item item_url="images/68156_1767971560174_1265751185_32028563_1280862_n.jpg" link="" itemtitle="" />
<item item_url="images/84136.jpg" link="" itemtitle="" />
<item item_url="images/Black and Silver-Genetics-TW.png" link="" itemtitle="" />
<item item_url="images/DigitalSmoke.jpg" link="" itemtitle="" />
<item item_url="images/DNA -1920 x 1200-597050.jpeg" link="" itemtitle="" />
<item item_url="images/dna.jpg" link="" itemtitle="" />
<item item_url="images/DNA_10281.jpg" link="" itemtitle="" />
<item item_url="images/dna_wallpaper_3d_models_3d_wallpaper_1280_1024_84.jpg" link="" itemtitle="" />
<item item_url="images/DNA_Wallpaper_1280x800_by_san_neechan.jpg" link="" itemtitle="" />
<item item_url="images/DNA-1-IM5XMWK1EK-1024x768.jpg" link="" itemtitle="" />
<item item_url="images/dna20zb.jpg" link="" itemtitle="" />
<item item_url="images/dna-helix.jpg" link="" itemtitle="" />
<item item_url="images/dna-wallpaper-nb4661.jpg" link="" itemtitle="" />
<item item_url="images/Funny_wallpapers_Creative_Wallpaper_DNA_015068_.jpg" link="" itemtitle="" />
<item item_url="images/Genetics-Free-Wallpaper-1.jpg" link="" itemtitle="" />
<item item_url="images/Genetics-wallp-Tw.png" link="" itemtitle="" />
<item item_url="images/images.jpg" link="" itemtitle="" />
<item item_url="images/joel_1_low.jpg" link="" itemtitle="" />
<item item_url="images/Rasorr1950830.jpg" link="" itemtitle="" />
<item item_url="images/Stereo Chemistry WaLp TW.png" link="" itemtitle="" />
<item item_url="images/vs_viral_protein_hi.jpg" link="" itemtitle="" />
</bcaster>
